
--data insertion into er model, starting with team 1
INSERT INTO TEAM1 (TEAM_ID, TEAM_NAME) VALUES (1, 'USA');
INSERT INTO TEAM1 (TEAM_ID, TEAM_NAME) VALUES (2, 'AUSTRALIA');
INSERT INTO TEAM1 (TEAM_ID, TEAM_NAME) VALUES (3, 'UK');
INSERT INTO TEAM1 (TEAM_ID, TEAM_NAME) VALUES (4, 'IRELAND');
--team 2
INSERT INTO TEAM2 (TEAM_ID, TEAM_NAME) VALUES (1, 'UK');
INSERT INTO TEAM2 (TEAM_ID, TEAM_NAME) VALUES (2, 'IRELAND');
INSERT INTO TEAM2 (TEAM_ID, TEAM_NAME) VALUES (3, 'USA');
INSERT INTO TEAM2 (TEAM_ID, TEAM_NAME) VALUES (4, 'ITALY');
--players 1
INSERT INTO PLAYERS1 (P_ID, P_NAME, P_SNAME, TEAM_ID) VALUES (1, 'Tiger', 'Woods', 1);
INSERT INTO PLAYERS1 (P_ID, P_NAME, P_SNAME, TEAM_ID) VALUES (2, 'Mary', 'Smith', 2);
INSERT INTO PLAYERS1 (P_ID, P_NAME, P_SNAME, TEAM_ID) VALUES (3, 'Mark', 'Deegan', 2);
INSERT INTO PLAYERS1 (P_ID, P_NAME, P_SNAME, TEAM_ID) VALUES (4, 'James', 'Bryan', 3);
INSERT INTO PLAYERS1 (P_ID, P_NAME, P_SNAME, TEAM_ID) VALUES (5, 'John', 'McDonald', 1);
INSERT INTO PLAYERS1 (P_ID, P_NAME, P_SNAME, TEAM_ID) VALUES (6, 'Mario', 'Baggio', 1);
--players 2
INSERT INTO PLAYERS2 (P_ID, P_NAME, P_SNAME, TEAM_ID) VALUES (2, 'Tiger', 'Woods', 3);
INSERT INTO PLAYERS2 (P_ID, P_NAME, P_SNAME, TEAM_ID) VALUES (1, 'John', 'McDonald', 3);
INSERT INTO PLAYERS2 (P_ID, P_NAME, P_SNAME, TEAM_ID) VALUES (3, 'Jim', 'Burke', 3);
INSERT INTO PLAYERS2 (P_ID, P_NAME, P_SNAME, TEAM_ID) VALUES (4, 'Paul', 'Bin', 3);
INSERT INTO PLAYERS2 (P_ID, P_NAME, P_SNAME, TEAM_ID) VALUES (5, 'Peter', 'Flynn', 3);
INSERT INTO PLAYERS2 (P_ID, P_NAME, P_SNAME, TEAM_ID) VALUES (6, 'Martha', 'Ross', 4);
--tournament 1
INSERT INTO TOURNAMENT1 (T_ID, T_DESCRIPRION, TOTAL_PRICE,t_date) VALUES (1, 'US open', 1700000,'01-jan-2014');
INSERT INTO TOURNAMENT1 (T_ID, T_DESCRIPRION, TOTAL_PRICE,t_date) VALUES (2, 'British Open', 7000000,'01-apr-2014');
INSERT INTO TOURNAMENT1 (T_ID, T_DESCRIPRION, TOTAL_PRICE,t_date) VALUES (3, 'Italian Open', 2000000,'11-mar-2014');
INSERT INTO TOURNAMENT1 (T_ID, T_DESCRIPRION, TOTAL_PRICE,t_date) VALUES (4, 'Irish Open', 300000,'21-jul-2014');
--tournamanet 2
INSERT INTO TOURNAMENT2 (T_ID, T_DESCRIPRION, TOTAL_PRICE,t_date) VALUES (1, 'Dutch open', 1700000,'22-nov-2014');
INSERT INTO TOURNAMENT2 (T_ID, T_DESCRIPRION, TOTAL_PRICE,t_date) VALUES (2, 'French Open', 7000000,'17-dec-2014');
INSERT INTO TOURNAMENT2 (T_ID, T_DESCRIPRION, TOTAL_PRICE,t_date) VALUES (3, 'Spanish Open', 2000000,'03-mar-2014');
INSERT INTO TOURNAMENT2 (T_ID, T_DESCRIPRION, TOTAL_PRICE,t_date) VALUES (4, 'Chiinese Open', 300000,'15-jul-2014');
INSERT INTO TOURNAMENT2 (T_ID, T_DESCRIPRION, TOTAL_PRICE,t_date) VALUES (5, 'Dubai Open', 600000,'10-aug-2014');
INSERT INTO TOURNAMENT2 (T_ID, T_DESCRIPRION, TOTAL_PRICE,t_date) VALUES (6, 'US Master', 1000000,'10-jul-2014');
--results 1
INSERT INTO RESULTS1 (T_ID, P_ID, RANK, PRICE) VALUES (1, 1, 1, 10000);
INSERT INTO RESULTS1 (T_ID, P_ID, RANK, PRICE) VALUES (1, 2, 2, 20000);
INSERT INTO RESULTS1 (T_ID, P_ID, RANK, PRICE) VALUES (2, 2, 4, 1000);
INSERT INTO RESULTS1 (T_ID, P_ID, RANK, PRICE) VALUES (3, 2, 3, 10000);
INSERT INTO RESULTS1 (T_ID, P_ID, RANK, PRICE) VALUES (3, 1, 2, 1100);
INSERT INTO RESULTS1 (T_ID, P_ID, RANK, PRICE) VALUES (4, 6, 3, 6000);
INSERT INTO RESULTS1 (T_ID, P_ID, RANK, PRICE) VALUES (4, 2, 2, 9000);
INSERT INTO RESULTS1 (T_ID, P_ID, RANK, PRICE) VALUES (4, 1, 1, 10000);
INSERT INTO RESULTS1 (T_ID, P_ID, RANK, PRICE) VALUES (3, 5, 2, 9500);
INSERT INTO RESULTS1 (T_ID, P_ID, RANK, PRICE) VALUES (4, 5, 4, 10000);
INSERT INTO RESULTS1 (T_ID, P_ID, RANK, PRICE) VALUES (2, 5, 7, 100);
--players 2
INSERT INTO RESULTS2 (T_ID, P_ID, RANK, PRICE) VALUES (1, 1, 1, 1000);
INSERT INTO RESULTS2 (T_ID, P_ID, RANK, PRICE) VALUES (1, 2, 3, 2000);
INSERT INTO RESULTS2 (T_ID, P_ID, RANK, PRICE) VALUES (2, 2, 1, 6000);
INSERT INTO RESULTS2 (T_ID, P_ID, RANK, PRICE) VALUES (3, 2, 3, 17000);
INSERT INTO RESULTS2 (T_ID, P_ID, RANK, PRICE) VALUES (3, 1, 12, 1100);
INSERT INTO RESULTS2 (T_ID, P_ID, RANK, PRICE) VALUES (4, 6, 10, 8000);
INSERT INTO RESULTS2 (T_ID, P_ID, RANK, PRICE) VALUES (4, 2, 2, 12000);
INSERT INTO RESULTS2 (T_ID, P_ID, RANK, PRICE) VALUES (4, 1, 3, 10000);
INSERT INTO RESULTS2 (T_ID, P_ID, RANK, PRICE) VALUES (3, 5, 1, 9000);
INSERT INTO RESULTS2 (T_ID, P_ID, RANK, PRICE) VALUES (4, 5, 5, 1000);
INSERT INTO RESULTS2 (T_ID, P_ID, RANK, PRICE) VALUES (2, 5, 3, 1000);
INSERT INTO RESULTS2 (T_ID, P_ID, RANK, PRICE) VALUES (5, 5, 3, 8000);
INSERT INTO RESULTS2 (T_ID, P_ID, RANK, PRICE) VALUES (5, 2, 2, 16000);
INSERT INTO RESULTS2 (T_ID, P_ID, RANK, PRICE) VALUES (5, 1, 1, 20000);
INSERT INTO RESULTS2 (T_ID, P_ID, RANK, PRICE) VALUES (6, 1, 3, 2000);
INSERT INTO RESULTS2 (T_ID, P_ID, RANK, PRICE) VALUES (6, 5, 2, 9400);
INSERT INTO RESULTS2 (T_ID, P_ID, RANK, PRICE) VALUES (6, 4, 1, 12000);

COMMIT;